actual,predicted
18.7,17.246911633435836
18.1,18.099999999999955
14.3,16.4086416625161
19.2,18.22858809800272
17.8,18.771411901997194
16.4,16.008875807111746
17.3,16.285190355703264
15.2,16.633047409259387
10.4,10.98727388865036
10.4,12.113414759010446
14.7,13.056329817560115
15.5,16.882895682676143
15.2,15.316277169200857
13.3,13.08690117430952
19.2,16.574240640565343
15.8,17.083059044041992
19.7,19.699999999999953
15,13.716940955957888
